Timestamp,Fold_no,Model,Total_Params,Learning_Rate,Batch_Size,dropoutrate,Img_Size,Use_Class_Weights,Accuracy,Avg_Confidence,Confusion_Matrix,C1_Prec,C1_Rec,C1_F1,C2_Prec,C2_Rec,C2_F1,C3_Prec,C3_Rec,C3_F1,C4_Prec,C4_Rec,C4_F1
2026-04-08 17:03:37,0,Custom CNN (Dual-Pooling UV),130852,0.001,32,224,Yes,0.5481,0.6103,"[[15, 13, 2, 0], [7, 39, 6, 5], [2, 12, 11, 11], [0, 1, 2, 9]]",0.625,0.5,0.5556,0.6,0.6842,0.6393,0.5238,0.3056,0.386,0.36,0.75,0.4865
2026-04-10 05:51:45,0,Custom CNN (Dual-Pooling UV),130852,0.0001,32,224,Yes,0.5547,0.5989,"[[23, 6, 1, 0], [16, 30, 10, 1], [2, 13, 11, 10], [0, 1, 1, 12]]",0.561,0.7667,0.6479,0.6,0.5263,0.5607,0.4783,0.3056,0.3729,0.5217,0.8571,0.6486
2026-04-10 20:58:39,0,Custom CNN (Dual-Pooling UV),130852,0.0001,32,224,Yes,0.5036,0.5198,"[[23, 6, 1, 0], [20, 30, 6, 1], [4, 15, 7, 10], [0, 1, 4, 9]]",0.4894,0.7667,0.5974,0.5769,0.5263,0.5505,0.3889,0.1944,0.2593,0.45,0.6429,0.5294
2026-04-10 21:55:04,1,Custom CNN (Dual-Pooling UV),130852,0.0001,32,224,Yes (Dynamic K-Fold),0.5801,0.5459,"[[29, 9, 1, 0], [17, 41, 17, 1], [0, 10, 26, 12], [0, 0, 9, 9]]",0.6304,0.7436,0.6824,0.6833,0.5395,0.6029,0.4906,0.5417,0.5149,0.4091,0.5,0.45
2026-04-10 22:15:46,2,Custom CNN (Dual-Pooling UV),130852,0.0001,32,224,Yes (Dynamic K-Fold),0.6077,0.5741,"[[32, 5, 2, 0], [19, 34, 21, 2], [0, 11, 26, 11], [0, 0, 0, 18]]",0.6275,0.8205,0.7111,0.68,0.4474,0.5397,0.5306,0.5417,0.5361,0.5806,1.0,0.7347
2026-04-10 22:36:07,3,Custom CNN (Dual-Pooling UV),130852,0.0001,32,224,Yes (Dynamic K-Fold),0.5856,0.5762,"[[33, 5, 1, 0], [17, 41, 18, 0], [0, 15, 23, 10], [0, 0, 9, 9]]",0.66,0.8462,0.7416,0.6721,0.5395,0.5985,0.451,0.4792,0.4646,0.4737,0.5,0.4865
2026-04-10 22:57:53,4,Custom CNN (Dual-Pooling UV),130852,0.0001,32,224,Yes (Dynamic K-Fold),0.5801,0.5289,"[[28, 11, 0, 0], [16, 44, 11, 5], [2, 15, 20, 10], [0, 0, 6, 13]]",0.6087,0.7179,0.6588,0.6286,0.5789,0.6027,0.5405,0.4255,0.4762,0.4643,0.6842,0.5532
2026-04-10 23:22:53,5,Custom CNN (Dual-Pooling UV),130852,0.0001,32,224,Yes (Dynamic K-Fold),0.6,0.5697,"[[31, 5, 3, 0], [18, 38, 16, 3], [1, 13, 27, 7], [0, 2, 4, 12]]",0.62,0.7949,0.6966,0.6552,0.5067,0.5714,0.54,0.5625,0.551,0.5455,0.6667,0.6
2026-04-11 00:56:41,1,Custom CNN (Dual-Pooling UV),165220,0.0005,32,224,Yes (Dynamic K-Fold),0.6188,0.6034,"[[29, 8, 2, 0], [18, 41, 15, 2], [2, 9, 34, 3], [0, 1, 9, 8]]",0.5918,0.7436,0.6591,0.6949,0.5395,0.6074,0.5667,0.7083,0.6296,0.6154,0.4444,0.5161
2026-04-11 01:19:08,2,Custom CNN (Dual-Pooling UV),165220,0.0005,32,224,Yes (Dynamic K-Fold),0.6298,0.5722,"[[30, 8, 1, 0], [13, 46, 17, 0], [0, 14, 22, 12], [0, 0, 2, 16]]",0.6977,0.7692,0.7317,0.6765,0.6053,0.6389,0.5238,0.4583,0.4889,0.5714,0.8889,0.6957
2026-04-11 01:48:03,3,Custom CNN (Dual-Pooling UV),165220,0.0005,32,224,Yes (Dynamic K-Fold),0.6464,0.5965,"[[31, 7, 1, 0], [11, 48, 16, 1], [0, 15, 28, 5], [0, 0, 8, 10]]",0.7381,0.7949,0.7654,0.6857,0.6316,0.6575,0.5283,0.5833,0.5545,0.625,0.5556,0.5882
2026-04-11 02:24:13,4,Custom CNN (Dual-Pooling UV),165220,0.0005,32,224,Yes (Dynamic K-Fold),0.6354,0.6437,"[[31, 8, 0, 0], [17, 52, 6, 1], [1, 18, 22, 6], [0, 2, 7, 10]]",0.6327,0.7949,0.7045,0.65,0.6842,0.6667,0.6286,0.4681,0.5366,0.5882,0.5263,0.5556
2026-04-11 06:29:10,5,Custom CNN (Dual-Pooling UV),165220,0.0005,32,224,Yes (Dynamic K-Fold),0.6278,0.6382,"[[35, 4, 0, 0], [19, 50, 6, 0], [1, 25, 20, 2], [0, 2, 8, 8]]",0.6364,0.8974,0.7447,0.6173,0.6667,0.641,0.5882,0.4167,0.4878,0.8,0.4444,0.5714
2026-04-12 03:12:00,1,Advanced CNN (ResNet + SE + FocalLoss),1364452,0.001,32,0.3,Yes (Gamma=2.0),0.5967,0.4834,"[[30, 9, 0, 0], [24, 45, 6, 1], [1, 16, 23, 8], [0, 5, 3, 10]]",0.5455,0.7692,0.6383,0.6,0.5921,0.596,0.7188,0.4792,0.575,0.5263,0.5556,0.5405
2026-04-12 04:12:22,2,Advanced CNN (ResNet + SE + FocalLoss),1364452,0.001,32,0.3,Yes (Gamma=2.0),0.663,0.4549,"[[24, 13, 2, 0], [5, 52, 18, 1], [0, 10, 26, 12], [0, 0, 0, 18]]",0.8276,0.6154,0.7059,0.6933,0.6842,0.6887,0.5652,0.5417,0.5532,0.5806,1.0,0.7347
2026-04-12 06:32:54,3,Advanced CNN (ResNet + SE + FocalLoss),1364452,0.001,32,0.3,Yes (Gamma=2.0),0.6022,0.4667,"[[33, 5, 1, 0], [12, 40, 24, 0], [0, 13, 28, 7], [0, 0, 10, 8]]",0.7333,0.8462,0.7857,0.6897,0.5263,0.597,0.4444,0.5833,0.5045,0.5333,0.4444,0.4848
2026-04-12 06:48:36,4,Advanced CNN (ResNet + SE + FocalLoss),1364452,0.001,32,0.3,Yes (Gamma=2.0),0.2376,0.3535,"[[39, 0, 0, 0], [72, 4, 0, 0], [31, 16, 0, 0], [4, 15, 0, 0]]",0.2671,1.0,0.4216,0.1143,0.0526,0.0721,0.0,0.0,0.0,0.0,0.0,0.0
2026-04-12 07:45:44,5,Advanced CNN (ResNet + SE + FocalLoss),1364452,0.001,32,0.3,Yes (Gamma=2.0),0.6278,0.4811,"[[29, 9, 1, 0], [12, 47, 13, 3], [1, 13, 24, 10], [0, 2, 3, 13]]",0.6905,0.7436,0.716,0.662,0.6267,0.6438,0.5854,0.5,0.5393,0.5,0.7222,0.59092026-04-12 11:59:23,1,Advanced CNN (ResNet + SE + FocalLoss),1364452,0.0005,Yes (Gamma=2.0),0.6298,0.5004,"[[23, 16, 0, 0], [10, 57, 8, 1], [0, 16, 25, 7], [0, 3, 6, 9]]",0.697,0.5897,0.6389,0.6196,0.75,0.6786,0.641,0.5208,0.5747,0.5294,0.5,0.5143
2026-04-12 13:07:24,2,Advanced CNN (ResNet + SE + FocalLoss),1364452,0.0005,32,0.3,Yes (Gamma=2.0),0.6409,0.3959,"[[27, 9, 3, 0], [12, 45, 13, 6], [0, 9, 26, 13], [0, 0, 0, 18]]",0.6923,0.6923,0.6923,0.7143,0.5921,0.6475,0.619,0.5417,0.5778,0.4865,1.0,0.6545
2026-04-12 14:00:31,3,Advanced CNN (ResNet + SE + FocalLoss),1364452,0.0005,32,0.3,Yes (Gamma=2.0),0.6133,0.4163,"[[31, 7, 1, 0], [12, 54, 10, 0], [2, 20, 19, 7], [0, 1, 10, 7]]",0.6889,0.7949,0.7381,0.6585,0.7105,0.6835,0.475,0.3958,0.4318,0.5,0.3889,0.4375
2026-04-12 15:13:20,4,Advanced CNN (ResNet + SE + FocalLoss),1364452,0.0005,32,0.3,Yes (Gamma=2.0),0.6077,0.4825,"[[30, 9, 0, 0], [17, 45, 14, 0], [1, 16, 19, 11], [0, 1, 2, 16]]",0.625,0.7692,0.6897,0.6338,0.5921,0.6122,0.5429,0.4043,0.4634,0.5926,0.8421,0.6957
2026-04-12 15:57:31,5,Advanced CNN (ResNet + SE + FocalLoss),1364452,0.0005,32,0.3,Yes (Gamma=2.0),0.5889,0.425,"[[22, 16, 1, 0], [8, 45, 16, 6], [0, 10, 26, 12], [0, 1, 4, 13]]",0.7333,0.5641,0.6377,0.625,0.6,0.6122,0.5532,0.5417,0.5474,0.4194,0.7222,0.5306
2026-04-12 18:44:38,1,Advanced CNN (ResNet + SE + FocalLoss),1364452,0.0005,32,0.3,Yes (Gamma=2.0),0.5912,0.5164,"[[28, 10, 1, 0], [16, 53, 5, 2], [1, 18, 15, 14], [0, 3, 4, 11]]",0.6222,0.7179,0.6667,0.631,0.6974,0.6625,0.6,0.3125,0.411,0.4074,0.6111,0.4889
2026-04-12 19:24:12,2,Advanced CNN (ResNet + SE + FocalLoss),1364452,0.0005,32,0.3,Yes (Gamma=2.0),0.6575,0.5005,"[[29, 9, 1, 0], [18, 52, 5, 1], [2, 17, 22, 7], [0, 0, 2, 16]]",0.5918,0.7436,0.6591,0.6667,0.6842,0.6753,0.7333,0.4583,0.5641,0.6667,0.8889,0.7619
2026-04-12 20:25:27,3,Advanced CNN (ResNet + SE + FocalLoss),1364452,0.0005,32,0.3,Yes (Gamma=2.0),0.6354,0.5135,"[[34, 4, 1, 0], [12, 51, 13, 0], [0, 21, 19, 8], [0, 0, 7, 11]]",0.7391,0.8718,0.8,0.6711,0.6711,0.6711,0.475,0.3958,0.4318,0.5789,0.6111,0.5946
2026-04-12 21:06:20,4,Advanced CNN (ResNet + SE + FocalLoss),1364452,0.0005,32,0.3,Yes (Gamma=2.0),0.5635,0.491,"[[31, 8, 0, 0], [22, 32, 20, 2], [3, 10, 25, 9], [0, 1, 4, 14]]",0.5536,0.7949,0.6526,0.6275,0.4211,0.5039,0.5102,0.5319,0.5208,0.56,0.7368,0.6364
2026-04-12 22:14:42,5,Advanced CNN (ResNet + SE + FocalLoss),1364452,0.0005,32,0.3,Yes (Gamma=2.0),0.6,0.506,"[[31, 8, 0, 0], [19, 47, 9, 0], [1, 22, 22, 3], [0, 2, 8, 8]]",0.6078,0.7949,0.6889,0.5949,0.6267,0.6104,0.5641,0.4583,0.5057,0.7273,0.4444,0.5517
2026-04-13 03:55:35,1,Custom CNN (Dual-Pooling) + Focal Loss,165220,0.0005,0.6409,0.4854,"[[29, 9, 1, 0], [15, 47, 13, 1], [0, 9, 33, 6], [0, 2, 9, 7]]",0.6591,0.7436,0.6988,0.7015,0.6184,0.6573,0.5893,0.6875,0.6346,0.5,0.3889,0.4375
2026-04-13 04:22:23,2,Custom CNN (Dual-Pooling) + Focal Loss,165220,0.0005,0.6575,0.5165,"[[25, 13, 1, 0], [11, 50, 13, 2], [0, 10, 27, 11], [0, 0, 1, 17]]",0.6944,0.641,0.6667,0.6849,0.6579,0.6711,0.6429,0.5625,0.6,0.5667,0.9444,0.7083
2026-04-13 04:53:40,3,Custom CNN (Dual-Pooling) + Focal Loss,165220,0.0005,0.6464,0.5014,"[[31, 7, 1, 0], [10, 58, 8, 0], [1, 19, 24, 4], [0, 0, 14, 4]]",0.7381,0.7949,0.7654,0.6905,0.7632,0.725,0.5106,0.5,0.5053,0.5,0.2222,0.3077
2026-04-13 05:18:58,4,Custom CNN (Dual-Pooling) + Focal Loss,165220,0.0005,0.6077,0.5352,"[[24, 15, 0, 0], [12, 61, 1, 2], [4, 25, 10, 8], [0, 3, 1, 15]]",0.6,0.6154,0.6076,0.5865,0.8026,0.6778,0.8333,0.2128,0.339,0.6,0.7895,0.6818
2026-04-13 06:31:18,5,Custom CNN (Dual-Pooling) + Focal Loss,165220,0.0005,0.6111,0.3595,"[[26, 13, 0, 0], [11, 49, 13, 2], [0, 22, 23, 3], [0, 2, 4, 12]]",0.7027,0.6667,0.6842,0.5698,0.6533,0.6087,0.575,0.4792,0.5227,0.7059,0.6667,0.6857
2026-04-13 07:19:28,1,Custom CNN (Dual-Pooling) + Focal Loss,165220,0.0005,0.6354,0.5503,"[[30, 7, 2, 0], [14, 41, 20, 1], [0, 3, 31, 14], [0, 0, 5, 13]]",0.6818,0.7692,0.7229,0.8039,0.5395,0.6457,0.5345,0.6458,0.5849,0.4643,0.7222,0.5652
2026-04-13 07:50:35,2,Custom CNN (Dual-Pooling) + Focal Loss,165220,0.0005,0.6464,0.5646,"[[21, 17, 1, 0], [3, 63, 9, 1], [0, 21, 20, 7], [0, 0, 5, 13]]",0.875,0.5385,0.6667,0.6238,0.8289,0.7119,0.5714,0.4167,0.4819,0.619,0.7222,0.6667
2026-04-13 08:20:37,3,Custom CNN (Dual-Pooling) + Focal Loss,165220,0.0005,0.6243,0.4735,"[[32, 6, 1, 0], [12, 54, 10, 0], [0, 24, 21, 3], [0, 1, 11, 6]]",0.7273,0.8205,0.7711,0.6353,0.7105,0.6708,0.4884,0.4375,0.4615,0.6667,0.3333,0.4444
2026-04-13 08:45:35,4,Custom CNN (Dual-Pooling) + Focal Loss,165220,0.0005,0.6298,0.5655,"[[32, 7, 0, 0], [19, 48, 9, 0], [4, 16, 21, 6], [0, 3, 3, 13]]",0.5818,0.8205,0.6809,0.6486,0.6316,0.64,0.6364,0.4468,0.525,0.6842,0.6842,0.6842
2026-04-13 09:11:21,5,Custom CNN (Dual-Pooling) + Focal Loss,165220,0.0005,0.6,0.5412,"[[30, 7, 2, 0], [17, 38, 19, 1], [0, 13, 28, 7], [0, 2, 4, 12]]",0.6383,0.7692,0.6977,0.6333,0.5067,0.563,0.5283,0.5833,0.5545,0.6,0.6667,0.6316
2026-04-13 23:32:14,1,Custom CNN (Dual-Pooling UV),165220,0.0005,16,0.3,300,Yes (Dynamic K-Fold),0.6188,0.556,"[[22, 16, 1, 0], [10, 51, 14, 1], [1, 8, 31, 8], [0, 1, 9, 8]]",0.6667,0.5641,0.6111,0.6711,0.6711,0.6711,0.5636,0.6458,0.6019,0.4706,0.4444,0.4571
2026-04-14 00:25:05,2,Custom CNN (Dual-Pooling UV),165220,0.0005,16,0.3,300,Yes (Dynamic K-Fold),0.6077,0.6026,"[[33, 6, 0, 0], [18, 42, 16, 0], [1, 18, 21, 8], [0, 0, 4, 14]]",0.6346,0.8462,0.7253,0.6364,0.5526,0.5915,0.5122,0.4375,0.4719,0.6364,0.7778,0.7
2026-04-14 01:26:41,3,Custom CNN (Dual-Pooling UV),165220,0.0005,16,0.3,300,Yes (Dynamic K-Fold),0.6243,0.6148,"[[34, 4, 0, 1], [16, 44, 16, 0], [0, 15, 25, 8], [0, 0, 8, 10]]",0.68,0.8718,0.764,0.6984,0.5789,0.6331,0.5102,0.5208,0.5155,0.5263,0.5556,0.5405
2026-04-14 02:23:53,4,Custom CNN (Dual-Pooling UV),165220,0.0005,16,0.3,300,Yes (Dynamic K-Fold),0.6575,0.5844,"[[31, 8, 0, 0], [14, 53, 8, 1], [2, 17, 24, 4], [0, 2, 6, 11]]",0.6596,0.7949,0.7209,0.6625,0.6974,0.6795,0.6316,0.5106,0.5647,0.6875,0.5789,0.6286
2026-04-14 03:06:04,5,Custom CNN (Dual-Pooling UV),165220,0.0005,16,0.3,300,Yes (Dynamic K-Fold),0.6,0.5715,"[[33, 5, 1, 0], [17, 39, 17, 2], [0, 14, 22, 12], [0, 1, 3, 14]]",0.66,0.8462,0.7416,0.661,0.52,0.5821,0.5116,0.4583,0.4835,0.5,0.7778,0.6087
2026-04-14 07:48:24,1,Custom CNN (Dual-Pooling UV),165220,0.001,16,0.2,224,Yes (Dynamic K-Fold),0.6077,0.5719,"[[25, 13, 1, 0], [9, 50, 16, 1], [0, 11, 27, 10], [0, 1, 9, 8]]",0.7353,0.641,0.6849,0.6667,0.6579,0.6623,0.5094,0.5625,0.5347,0.4211,0.4444,0.4324
2026-04-14 08:13:55,2,Custom CNN (Dual-Pooling UV),165220,0.001,16,0.2,224,Yes (Dynamic K-Fold),0.663,0.6045,"[[30, 8, 1, 0], [8, 54, 13, 1], [0, 17, 19, 12], [0, 0, 1, 17]]",0.7895,0.7692,0.7792,0.6835,0.7105,0.6968,0.5588,0.3958,0.4634,0.5667,0.9444,0.7083
2026-04-14 08:33:47,3,Custom CNN (Dual-Pooling UV),165220,0.001,16,0.2,224,Yes (Dynamic K-Fold),0.5856,0.5524,"[[31, 7, 1, 0], [18, 49, 9, 0], [2, 19, 20, 7], [0, 1, 11, 6]]",0.6078,0.7949,0.6889,0.6447,0.6447,0.6447,0.4878,0.4167,0.4494,0.4615,0.3333,0.3871
2026-04-14 09:42:07,4,Custom CNN (Dual-Pooling UV),165220,0.001,16,0.2,224,Yes (Dynamic K-Fold),0.6519,0.6106,"[[34, 5, 0, 0], [18, 46, 11, 1], [2, 13, 25, 7], [0, 1, 5, 13]]",0.6296,0.8718,0.7312,0.7077,0.6053,0.6525,0.6098,0.5319,0.5682,0.619,0.6842,0.65
2026-04-14 10:22:18,5,Custom CNN (Dual-Pooling UV),165220,0.001,16,0.2,224,Yes (Dynamic K-Fold),0.6056,0.572,"[[27, 10, 2, 0], [11, 46, 15, 3], [0, 17, 23, 8], [0, 0, 5, 13]]",0.7105,0.6923,0.7013,0.6301,0.6133,0.6216,0.5111,0.4792,0.4946,0.5417,0.7222,0.619
2026-04-14 19:55:22,1,Custom CNN (Dual-Pooling UV),165220,0.0005,32,0.3,224,Yes (Dynamic K-Fold),0.6298,0.5309,"[[27, 10, 2, 0], [15, 49, 11, 1], [0, 14, 31, 3], [0, 4, 7, 7]]",0.6429,0.6923,0.6667,0.6364,0.6447,0.6405,0.6078,0.6458,0.6263,0.6364,0.3889,0.4828
2026-04-14 20:02:46,2,Custom CNN (Dual-Pooling UV),165220,0.0005,32,0.3,224,Yes (Dynamic K-Fold),0.2597,0.5184,"[[39, 0, 0, 0], [76, 0, 0, 0], [45, 0, 0, 3], [10, 0, 0, 8]]",0.2294,1.0,0.3732,0.0,0.0,0.0,0.0,0.0,0.0,0.7273,0.4444,0.5517
2026-04-14 20:30:45,3,Custom CNN (Dual-Pooling UV),165220,0.0005,32,0.3,224,Yes (Dynamic K-Fold),0.5967,0.45,"[[34, 4, 1, 0], [18, 35, 20, 3], [0, 8, 26, 14], [0, 0, 5, 13]]",0.6538,0.8718,0.7473,0.7447,0.4605,0.5691,0.5,0.5417,0.52,0.4333,0.7222,0.5417
2026-04-14 21:03:38,4,Custom CNN (Dual-Pooling UV),165220,0.0005,32,0.3,224,Yes (Dynamic K-Fold),0.6243,0.5489,"[[28, 11, 0, 0], [14, 58, 4, 0], [2, 21, 21, 3], [0, 2, 11, 6]]",0.6364,0.7179,0.6747,0.6304,0.7632,0.6905,0.5833,0.4468,0.506,0.6667,0.3158,0.4286
2026-04-14 21:35:33,5,Custom CNN (Dual-Pooling UV),165220,0.0005,32,0.3,224,Yes (Dynamic K-Fold),0.6444,0.5072,"[[27, 11, 1, 0], [10, 54, 11, 0], [0, 19, 28, 1], [0, 3, 8, 7]]",0.7297,0.6923,0.7105,0.6207,0.72,0.6667,0.5833,0.5833,0.5833,0.875,0.3889,0.5385
2026-04-14 22:11:56,1,Custom CNN (Dual-Pooling UV),165220,0.0005,32,0.3,224,Yes (Dynamic K-Fold),0.6354,0.5246,"[[29, 9, 1, 0], [17, 50, 8, 1], [0, 16, 27, 5], [0, 2, 7, 9]]",0.6304,0.7436,0.6824,0.6494,0.6579,0.6536,0.6279,0.5625,0.5934,0.6,0.5,0.5455
2026-04-14 22:54:52,2,Custom CNN (Dual-Pooling UV),165220,0.0005,32,0.3,224,Yes (Dynamic K-Fold),0.6685,0.552,"[[29, 10, 0, 0], [11, 55, 10, 0], [1, 19, 26, 2], [0, 0, 7, 11]]",0.7073,0.7436,0.725,0.6548,0.7237,0.6875,0.6047,0.5417,0.5714,0.8462,0.6111,0.7097
2026-04-14 23:40:05,3,Custom CNN (Dual-Pooling UV),165220,0.0005,32,0.3,224,Yes (Dynamic K-Fold),0.6188,0.562,"[[33, 5, 1, 0], [13, 52, 11, 0], [0, 21, 22, 5], [0, 0, 13, 5]]",0.7174,0.8462,0.7765,0.6667,0.6842,0.6753,0.4681,0.4583,0.4632,0.5,0.2778,0.3571
2026-04-15 00:17:59,4,Custom CNN (Dual-Pooling UV),165220,0.0005,32,0.3,224,Yes (Dynamic K-Fold),0.6077,0.5115,"[[30, 9, 0, 0], [17, 48, 9, 2], [1, 20, 17, 9], [0, 2, 2, 15]]",0.625,0.7692,0.6897,0.6076,0.6316,0.6194,0.6071,0.3617,0.4533,0.5769,0.7895,0.6667
2026-04-15 00:54:30,5,Custom CNN (Dual-Pooling UV),165220,0.0005,32,0.3,224,Yes (Dynamic K-Fold),0.6278,0.5432,"[[25, 13, 1, 0], [8, 52, 12, 3], [0, 14, 25, 9], [0, 1, 6, 11]]",0.7576,0.641,0.6944,0.65,0.6933,0.671,0.5682,0.5208,0.5435,0.4783,0.6111,0.5366
2026-04-15 06:49:24,1,Custom CNN (Dual-Pooling UV),165220,0.0005,32,0.3,224,Yes (Dynamic K-Fold),0.6464,0.5739,"[[26, 11, 2, 0], [11, 48, 16, 1], [0, 7, 34, 7], [0, 0, 9, 9]]",0.7027,0.6667,0.6842,0.7273,0.6316,0.6761,0.5574,0.7083,0.6239,0.5294,0.5,0.5143
2026-04-15 07:16:55,2,Custom CNN (Dual-Pooling UV),165220,0.0005,32,0.3,224,Yes (Dynamic K-Fold),0.6464,0.5366,"[[32, 6, 1, 0], [16, 45, 14, 1], [0, 15, 23, 10], [0, 0, 1, 17]]",0.6667,0.8205,0.7356,0.6818,0.5921,0.6338,0.5897,0.4792,0.5287,0.6071,0.9444,0.7391
2026-04-15 07:46:12,3,Custom CNN (Dual-Pooling UV),165220,0.0005,32,0.3,224,Yes (Dynamic K-Fold),0.6409,0.5408,"[[34, 4, 1, 0], [14, 57, 5, 0], [0, 25, 16, 7], [0, 1, 8, 9]]",0.7083,0.8718,0.7816,0.6552,0.75,0.6994,0.5333,0.3333,0.4103,0.5625,0.5,0.5294
2026-04-15 08:17:49,4,Custom CNN (Dual-Pooling UV),165220,0.0005,32,0.3,224,Yes (Dynamic K-Fold),0.6464,0.5695,"[[34, 5, 0, 0], [19, 45, 12, 0], [2, 16, 25, 4], [0, 1, 5, 13]]",0.6182,0.8718,0.7234,0.6716,0.5921,0.6294,0.5952,0.5319,0.5618,0.7647,0.6842,0.7222
2026-04-15 08:50:48,5,Custom CNN (Dual-Pooling UV),165220,0.0005,32,0.3,224,Yes (Dynamic K-Fold),0.6722,0.5364,"[[27, 10, 2, 0], [10, 51, 14, 0], [0, 13, 33, 2], [0, 3, 5, 10]]",0.7297,0.6923,0.7105,0.6623,0.68,0.6711,0.6111,0.6875,0.6471,0.8333,0.5556,0.6667
2026-04-15 11:28:01,1,Custom CNN (Dual-Pooling UV),165220,0.0005,32,0.3,224,Yes (Dynamic K-Fold),0.6243,0.5308,"[[27, 10, 2, 0], [10, 44, 21, 1], [0, 9, 34, 5], [0, 2, 8, 8]]",0.7297,0.6923,0.7105,0.6769,0.5789,0.6241,0.5231,0.7083,0.6018,0.5714,0.4444,0.5
2026-04-15 12:03:35,2,Custom CNN (Dual-Pooling UV),165220,0.0005,32,0.3,224,Yes (Dynamic K-Fold),0.6354,0.5198,"[[31, 7, 1, 0], [16, 46, 12, 2], [0, 14, 25, 9], [0, 0, 5, 13]]",0.6596,0.7949,0.7209,0.6866,0.6053,0.6434,0.5814,0.5208,0.5495,0.5417,0.7222,0.619
2026-04-15 12:38:20,3,Custom CNN (Dual-Pooling UV),165220,0.0005,32,0.3,224,Yes (Dynamic K-Fold),0.6077,0.5713,"[[35, 3, 1, 0], [20, 51, 5, 0], [1, 25, 20, 2], [0, 2, 12, 4]]",0.625,0.8974,0.7368,0.6296,0.6711,0.6497,0.5263,0.4167,0.4651,0.6667,0.2222,0.3333
2026-04-15 13:19:48,4,Custom CNN (Dual-Pooling UV),165220,0.0005,32,0.3,224,Yes (Dynamic K-Fold),0.6188,0.5192,"[[30, 9, 0, 0], [20, 52, 4, 0], [4, 20, 18, 5], [0, 2, 5, 12]]",0.5556,0.7692,0.6452,0.6265,0.6842,0.6541,0.6667,0.383,0.4865,0.7059,0.6316,0.6667
2026-04-15 14:06:42,5,Custom CNN (Dual-Pooling UV),165220,0.0005,32,0.3,224,Yes (Dynamic K-Fold),0.6056,0.507,"[[24, 13, 2, 0], [6, 51, 18, 0], [0, 18, 24, 6], [0, 1, 7, 10]]",0.8,0.6154,0.6957,0.6145,0.68,0.6456,0.4706,0.5,0.4848,0.625,0.5556,0.5882
2026-04-15 15:58:39,1,Custom CNN (Dual-Pooling UV),165220,0.0005,32,0.3,224,Yes (Dynamic K-Fold),0.6022,0.4857,"[[24, 13, 2, 0], [12, 45, 17, 2], [0, 11, 32, 5], [0, 1, 9, 8]]",0.6667,0.6154,0.64,0.6429,0.5921,0.6164,0.5333,0.6667,0.5926,0.5333,0.4444,0.4848
2026-04-15 16:07:26,2,Custom CNN (Dual-Pooling UV),165220,0.0005,32,0.3,224,Yes (Dynamic K-Fold),0.6464,0.4715,"[[32, 5, 2, 0], [20, 45, 10, 1], [1, 14, 24, 9], [0, 0, 2, 16]]",0.6038,0.8205,0.6957,0.7031,0.5921,0.6429,0.6316,0.5,0.5581,0.6154,0.8889,0.7273
2026-04-15 16:16:25,3,Custom CNN (Dual-Pooling UV),165220,0.0005,32,0.3,224,Yes (Dynamic K-Fold),0.5912,0.498,"[[32, 6, 1, 0], [13, 49, 13, 1], [1, 21, 17, 9], [0, 1, 8, 9]]",0.6957,0.8205,0.7529,0.6364,0.6447,0.6405,0.4359,0.3542,0.3908,0.4737,0.5,0.4865
2026-04-15 16:25:56,4,Custom CNN (Dual-Pooling UV),165220,0.0005,32,0.3,224,Yes (Dynamic K-Fold),0.5912,0.5306,"[[31, 8, 0, 0], [19, 44, 11, 2], [2, 19, 20, 6], [0, 2, 5, 12]]",0.5962,0.7949,0.6813,0.6027,0.5789,0.5906,0.5556,0.4255,0.4819,0.6,0.6316,0.6154
2026-04-15 16:34:56,5,Custom CNN (Dual-Pooling UV),165220,0.0005,32,0.3,224,Yes (Dynamic K-Fold),0.5944,0.3575,"[[28, 10, 1, 0], [11, 50, 13, 1], [1, 20, 18, 9], [0, 1, 6, 11]]",0.7,0.7179,0.7089,0.6173,0.6667,0.641,0.4737,0.375,0.4186,0.5238,0.6111,0.5641
2026-04-22 10:53:09,1,Custom CNN (Dual-Pooling UV),165220,0.0005,32,0.2,224,Yes (Dynamic K-Fold),0.6298,0.5597,"[[25, 13, 1, 0], [9, 54, 13, 0], [1, 11, 28, 8], [0, 2, 9, 7]]",0.7143,0.641,0.6757,0.675,0.7105,0.6923,0.549,0.5833,0.5657,0.4667,0.3889,0.4242
2026-04-22 10:56:11,2,Custom CNN (Dual-Pooling UV),165220,0.0005,32,0.2,224,Yes (Dynamic K-Fold),0.221,0.5095,"[[39, 0, 0, 0], [76, 0, 0, 0], [48, 0, 0, 0], [16, 1, 0, 1]]",0.2179,1.0,0.3578,0.0,0.0,0.0,0.0,0.0,0.0,1.0,0.0556,0.1053
2026-04-22 11:07:44,3,Custom CNN (Dual-Pooling UV),165220,0.0005,32,0.2,224,Yes (Dynamic K-Fold),0.6243,0.4963,"[[34, 4, 1, 0], [15, 51, 10, 0], [0, 23, 19, 6], [0, 4, 5, 9]]",0.6939,0.8718,0.7727,0.622,0.6711,0.6456,0.5429,0.3958,0.4578,0.6,0.5,0.5455
2026-04-22 11:17:58,4,Custom CNN (Dual-Pooling UV),165220,0.0005,32,0.2,224,Yes (Dynamic K-Fold),0.5746,0.5466,"[[21, 18, 0, 0], [13, 55, 8, 0], [2, 22, 19, 4], [0, 2, 8, 9]]",0.5833,0.5385,0.56,0.567,0.7237,0.6358,0.5429,0.4043,0.4634,0.6923,0.4737,0.5625
2026-04-22 11:27:32,5,Custom CNN (Dual-Pooling UV),165220,0.0005,32,0.2,224,Yes (Dynamic K-Fold),0.6111,0.4522,"[[32, 6, 1, 0], [15, 43, 15, 2], [1, 15, 27, 5], [0, 2, 8, 8]]",0.6667,0.8205,0.7356,0.6515,0.5733,0.6099,0.5294,0.5625,0.5455,0.5333,0.4444,0.4848
2026-04-22 12:15:28,1,Custom CNN (Dual-Pooling UV),165220,0.0005,32,0.3,224,Yes (Dynamic K-Fold),0.7136,0.5742,"[[28, 9, 2, 0], [7, 46, 23, 0], [0, 4, 39, 5], [0, 0, 7, 29]]",0.8,0.7179,0.7568,0.7797,0.6053,0.6815,0.5493,0.8125,0.6555,0.8529,0.8056,0.8286
2026-04-22 12:30:22,2,Custom CNN (Dual-Pooling UV),165220,0.0005,32,0.3,224,Yes (Dynamic K-Fold),0.6834,0.559,"[[26, 12, 1, 0], [6, 55, 14, 1], [0, 11, 31, 6], [0, 1, 11, 24]]",0.8125,0.6667,0.7324,0.6962,0.7237,0.7097,0.5439,0.6458,0.5905,0.7742,0.6667,0.7164
2026-04-22 12:45:03,3,Custom CNN (Dual-Pooling UV),165220,0.0005,32,0.3,224,Yes (Dynamic K-Fold),0.6834,0.5864,"[[33, 5, 1, 0], [10, 61, 4, 1], [1, 24, 11, 12], [0, 2, 3, 31]]",0.75,0.8462,0.7952,0.663,0.8026,0.7262,0.5789,0.2292,0.3284,0.7045,0.8611,0.775
2026-04-22 12:55:08,4,Custom CNN (Dual-Pooling UV),165220,0.0005,32,0.3,224,Yes (Dynamic K-Fold),0.6432,0.5608,"[[28, 11, 0, 0], [12, 52, 11, 1], [1, 16, 22, 8], [0, 0, 11, 26]]",0.6829,0.7179,0.7,0.6582,0.6842,0.671,0.5,0.4681,0.4835,0.7429,0.7027,0.7222
2026-04-22 13:07:33,5,Custom CNN (Dual-Pooling UV),165220,0.0005,32,0.3,224,Yes (Dynamic K-Fold),0.6382,0.5104,"[[29, 8, 2, 0], [14, 44, 15, 2], [0, 14, 27, 7], [0, 1, 9, 27]]",0.6744,0.7436,0.7073,0.6567,0.5867,0.6197,0.5094,0.5625,0.5347,0.75,0.7297,0.7397
2026-04-22 13:25:56,1,Custom CNN (Dual-Pooling UV),165220,0.0005,32,0.3,224,Yes (Dynamic K-Fold),0.6923,0.573,"[[20, 8, 0, 0], [12, 37, 5, 0], [0, 9, 21, 5], [0, 0, 5, 21]]",0.625,0.7143,0.6667,0.6852,0.6852,0.6852,0.6774,0.6,0.6364,0.8077,0.8077,0.8077
2026-04-22 13:35:00,2,Custom CNN (Dual-Pooling UV),165220,0.0005,32,0.3,224,Yes (Dynamic K-Fold),0.669,0.5304,"[[19, 6, 3, 0], [8, 31, 13, 2], [0, 4, 20, 10], [0, 0, 1, 25]]",0.7037,0.6786,0.6909,0.7561,0.5741,0.6526,0.5405,0.5882,0.5634,0.6757,0.9615,0.7937
2026-04-22 13:50:05,3,Custom CNN (Dual-Pooling UV),165220,0.0005,32,0.3,224,Yes (Dynamic K-Fold),0.6972,0.4447,"[[20, 8, 0, 0], [3, 46, 4, 1], [0, 12, 17, 5], [0, 5, 5, 16]]",0.8696,0.7143,0.7843,0.6479,0.8519,0.736,0.6538,0.5,0.5667,0.7273,0.6154,0.6667
2026-04-22 14:05:29,4,Custom CNN (Dual-Pooling UV),165220,0.0005,32,0.3,224,Yes (Dynamic K-Fold),0.6761,0.5754,"[[23, 4, 1, 0], [6, 43, 5, 0], [0, 18, 14, 2], [0, 1, 9, 16]]",0.7931,0.8214,0.807,0.6515,0.7963,0.7167,0.4828,0.4118,0.4444,0.8889,0.6154,0.7273
2026-04-22 14:21:05,5,Custom CNN (Dual-Pooling UV),165220,0.0005,32,0.3,224,Yes (Dynamic K-Fold),0.6831,0.5601,"[[22, 6, 0, 0], [9, 37, 8, 0], [0, 16, 16, 2], [0, 0, 4, 22]]",0.7097,0.7857,0.7458,0.6271,0.6852,0.6549,0.5714,0.4706,0.5161,0.9167,0.8462,0.88
2026-04-22 14:36:31,6,Custom CNN (Dual-Pooling UV),165220,0.0005,32,0.3,224,Yes (Dynamic K-Fold),0.6901,0.5569,"[[22, 5, 1, 0], [7, 37, 10, 0], [0, 6, 20, 8], [0, 1, 6, 19]]",0.7586,0.7857,0.7719,0.7551,0.6852,0.7184,0.5405,0.5882,0.5634,0.7037,0.7308,0.717
2026-04-22 14:49:56,7,Custom CNN (Dual-Pooling UV),165220,0.0005,32,0.3,224,Yes (Dynamic K-Fold),0.6197,0.4918,"[[17, 9, 1, 0], [4, 33, 15, 3], [0, 9, 18, 7], [0, 1, 5, 20]]",0.8095,0.6296,0.7083,0.6346,0.6,0.6168,0.4615,0.5294,0.4932,0.6667,0.7692,0.7143
2026-04-22 15:32:13,1,Custom CNN (Dual-Pooling UV),165220,0.0005,32,0.3,224,Yes (Dynamic K-Fold),0.6687,0.5242,"[[16, 12, 0, 0], [5, 33, 16, 0], [0, 4, 41, 7], [0, 0, 9, 17]]",0.7619,0.5714,0.6531,0.6735,0.6111,0.6408,0.6212,0.7885,0.6949,0.7083,0.6538,0.68
2026-04-22 15:42:43,2,Custom CNN (Dual-Pooling UV),165220,0.0005,32,0.3,224,Yes (Dynamic K-Fold),0.6415,0.5162,"[[17, 8, 3, 0], [7, 40, 7, 0], [0, 17, 29, 5], [0, 1, 9, 16]]",0.7083,0.6071,0.6538,0.6061,0.7407,0.6667,0.6042,0.5686,0.5859,0.7619,0.6154,0.6809
2026-04-22 16:00:19,3,Custom CNN (Dual-Pooling UV),165220,0.0005,32,0.3,224,Yes (Dynamic K-Fold),0.7044,0.5628,"[[22, 6, 0, 0], [5, 39, 9, 1], [0, 11, 31, 9], [0, 1, 5, 20]]",0.8148,0.7857,0.8,0.6842,0.7222,0.7027,0.6889,0.6078,0.6458,0.6667,0.7692,0.7143
2026-04-22 16:10:28,4,Custom CNN (Dual-Pooling UV),165220,0.0005,32,0.3,224,Yes (Dynamic K-Fold),0.5975,0.5512,"[[22, 5, 1, 0], [9, 33, 12, 0], [0, 15, 29, 7], [0, 0, 15, 11]]",0.7097,0.7857,0.7458,0.6226,0.6111,0.6168,0.5088,0.5686,0.537,0.6111,0.4231,0.5
2026-04-22 16:21:12,5,Custom CNN (Dual-Pooling UV),165220,0.0005,32,0.3,224,Yes (Dynamic K-Fold),0.6604,0.5327,"[[15, 13, 0, 0], [2, 38, 14, 0], [0, 9, 37, 5], [0, 0, 11, 15]]",0.8824,0.5357,0.6667,0.6333,0.7037,0.6667,0.5968,0.7255,0.6549,0.75,0.5769,0.6522
2026-04-22 16:38:44,6,Custom CNN (Dual-Pooling UV),165220,0.0005,32,0.3,224,Yes (Dynamic K-Fold),0.6415,0.5563,"[[21, 7, 0, 0], [10, 36, 8, 0], [1, 12, 25, 13], [0, 1, 5, 20]]",0.6562,0.75,0.7,0.6429,0.6667,0.6545,0.6579,0.4902,0.5618,0.6061,0.7692,0.678
2026-04-22 16:52:25,7,Custom CNN (Dual-Pooling UV),165220,0.0005,32,0.3,224,Yes (Dynamic K-Fold),0.6415,0.5103,"[[14, 13, 0, 0], [8, 31, 15, 1], [0, 8, 37, 6], [0, 0, 6, 20]]",0.6364,0.5185,0.5714,0.5962,0.5636,0.5794,0.6379,0.7255,0.6789,0.7407,0.7692,0.7547
2026-04-22 17:28:53,1,Custom CNN (Dual-Pooling UV),165220,0.0005,32,0.3,224,Yes (Dynamic K-Fold),0.6225,0.4584,"[[18, 9, 1, 0], [10, 33, 10, 1], [0, 11, 23, 9], [0, 1, 5, 20]]",0.6429,0.6429,0.6429,0.6111,0.6111,0.6111,0.5897,0.5349,0.561,0.6667,0.7692,0.7143
2026-04-22 17:45:42,2,Custom CNN (Dual-Pooling UV),165220,0.0005,32,0.3,224,Yes (Dynamic K-Fold),0.6556,0.57,"[[16, 11, 1, 0], [8, 36, 10, 0], [0, 9, 28, 6], [0, 1, 6, 19]]",0.6667,0.5714,0.6154,0.6316,0.6667,0.6486,0.6222,0.6512,0.6364,0.76,0.7308,0.7451
2026-04-22 17:57:32,3,Custom CNN (Dual-Pooling UV),165220,0.0005,32,0.3,224,Yes (Dynamic K-Fold),0.6556,0.4888,"[[23, 5, 0, 0], [2, 33, 18, 1], [0, 7, 23, 13], [0, 0, 6, 20]]",0.92,0.8214,0.8679,0.7333,0.6111,0.6667,0.4894,0.5349,0.5111,0.5882,0.7692,0.6667
2026-04-22 18:14:42,4,Custom CNN (Dual-Pooling UV),165220,0.0005,32,0.3,224,Yes (Dynamic K-Fold),0.6623,0.4977,"[[23, 4, 0, 1], [10, 36, 5, 3], [0, 16, 19, 8], [0, 0, 4, 22]]",0.697,0.8214,0.7541,0.6429,0.6667,0.6545,0.6786,0.4419,0.5352,0.6471,0.8462,0.7333
2026-04-22 18:31:25,5,Custom CNN (Dual-Pooling UV),165220,0.0005,32,0.3,224,Yes (Dynamic K-Fold),0.6267,0.4007,"[[13, 15, 0, 0], [4, 40, 10, 0], [0, 14, 25, 3], [0, 2, 8, 16]]",0.7647,0.4643,0.5778,0.5634,0.7407,0.64,0.5814,0.5952,0.5882,0.8421,0.6154,0.7111
2026-04-22 18:48:05,6,Custom CNN (Dual-Pooling UV),165220,0.0005,32,0.3,224,Yes (Dynamic K-Fold),0.68,0.5726,"[[23, 5, 0, 0], [10, 36, 8, 0], [0, 10, 26, 6], [0, 2, 7, 17]]",0.697,0.8214,0.7541,0.6792,0.6667,0.6729,0.6341,0.619,0.6265,0.7391,0.6538,0.6939
2026-04-22 19:04:49,7,Custom CNN (Dual-Pooling UV),165220,0.0005,32,0.3,224,Yes (Dynamic K-Fold),0.6267,0.5556,"[[21, 5, 1, 0], [9, 30, 14, 2], [0, 8, 24, 10], [0, 0, 7, 19]]",0.7,0.7778,0.7368,0.6977,0.5455,0.6122,0.5217,0.5714,0.5455,0.6129,0.7308,0.6667
2026-04-22 19:27:54,1,Custom CNN (Dual-Pooling UV),165220,0.0005,32,0.3,224,Yes (Dynamic K-Fold),0.6783,0.5011,"[[19, 9, 0, 0], [8, 36, 10, 0], [0, 9, 20, 6], [0, 1, 3, 22]]",0.7037,0.6786,0.6909,0.6545,0.6667,0.6606,0.6061,0.5714,0.5882,0.7857,0.8462,0.8148
2026-04-22 19:38:57,2,Custom CNN (Dual-Pooling UV),165220,0.0005,32,0.3,224,Yes (Dynamic K-Fold),0.6479,0.5406,"[[17, 9, 2, 0], [8, 35, 10, 1], [0, 8, 22, 4], [0, 1, 7, 18]]",0.68,0.6071,0.6415,0.6604,0.6481,0.6542,0.5366,0.6471,0.5867,0.7826,0.6923,0.7347
2026-04-22 19:48:01,3,Custom CNN (Dual-Pooling UV),165220,0.0005,32,0.3,224,Yes (Dynamic K-Fold),0.662,0.5295,"[[22, 6, 0, 0], [8, 34, 11, 1], [0, 7, 21, 6], [0, 2, 7, 17]]",0.7333,0.7857,0.7586,0.6939,0.6296,0.6602,0.5385,0.6176,0.5753,0.7083,0.6538,0.68
2026-04-22 19:56:28,4,Custom CNN (Dual-Pooling UV),165220,0.0005,32,0.3,224,Yes (Dynamic K-Fold),0.662,0.362,"[[18, 9, 0, 1], [1, 45, 8, 0], [0, 16, 12, 6], [0, 2, 5, 19]]",0.9474,0.6429,0.766,0.625,0.8333,0.7143,0.48,0.3529,0.4068,0.7308,0.7308,0.7308
2026-04-22 20:06:31,5,Custom CNN (Dual-Pooling UV),165220,0.0005,32,0.3,224,Yes (Dynamic K-Fold),0.6549,0.5113,"[[21, 7, 0, 0], [7, 36, 10, 1], [1, 13, 14, 6], [0, 1, 3, 22]]",0.7241,0.75,0.7368,0.6316,0.6667,0.6486,0.5185,0.4118,0.459,0.7586,0.8462,0.8
2026-04-22 20:18:23,6,Custom CNN (Dual-Pooling UV),165220,0.0005,32,0.3,224,Yes (Dynamic K-Fold),0.662,0.5317,"[[18, 10, 0, 0], [4, 38, 12, 0], [0, 8, 23, 3], [0, 1, 10, 15]]",0.8182,0.6429,0.72,0.6667,0.7037,0.6847,0.5111,0.6765,0.5823,0.8333,0.5769,0.6818
2026-04-22 20:30:03,7,Custom CNN (Dual-Pooling UV),165220,0.0005,32,0.3,224,Yes (Dynamic K-Fold),0.6268,0.5532,"[[15, 11, 1, 0], [3, 41, 11, 0], [0, 15, 16, 3], [0, 1, 8, 17]]",0.8333,0.5556,0.6667,0.6029,0.7455,0.6667,0.4444,0.4706,0.4571,0.85,0.6538,0.7391
2026-04-22 22:02:36,1,Custom CNN (Dual-Pooling UV),165220,0.0005,32,0.3,224,Yes (Dynamic K-Fold),0.7273,0.6056,"[[18, 10, 0, 0], [6, 44, 4, 0], [0, 8, 24, 3], [0, 2, 6, 18]]",0.75,0.6429,0.6923,0.6875,0.8148,0.7458,0.7059,0.6857,0.6957,0.8571,0.6923,0.766
2026-04-22 22:16:14,2,Custom CNN (Dual-Pooling UV),165220,0.0005,32,0.3,224,Yes (Dynamic K-Fold),0.6479,0.5759,"[[21, 5, 2, 0], [15, 28, 11, 0], [1, 9, 21, 3], [0, 0, 4, 22]]",0.5676,0.75,0.6462,0.6667,0.5185,0.5833,0.5526,0.6176,0.5833,0.88,0.8462,0.8627
2026-04-22 22:26:07,3,Custom CNN (Dual-Pooling UV),165220,0.0005,32,0.3,224,Yes (Dynamic K-Fold),0.6549,0.5329,"[[22, 5, 1, 0], [6, 29, 17, 2], [0, 2, 22, 10], [0, 0, 6, 20]]",0.7857,0.7857,0.7857,0.8056,0.537,0.6444,0.4783,0.6471,0.55,0.625,0.7692,0.6897
2026-04-22 22:39:20,4,Custom CNN (Dual-Pooling UV),165220,0.0005,32,0.3,224,Yes (Dynamic K-Fold),0.6056,0.4882,"[[22, 5, 1, 0], [12, 37, 5, 0], [2, 16, 11, 5], [0, 1, 9, 16]]",0.6111,0.7857,0.6875,0.6271,0.6852,0.6549,0.4231,0.3235,0.3667,0.7619,0.6154,0.6809
2026-04-22 22:55:15,5,Custom CNN (Dual-Pooling UV),165220,0.0005,32,0.3,224,Yes (Dynamic K-Fold),0.669,0.3909,"[[22, 6, 0, 0], [8, 41, 4, 1], [1, 18, 8, 7], [0, 1, 1, 24]]",0.7097,0.7857,0.7458,0.6212,0.7593,0.6833,0.6154,0.2353,0.3404,0.75,0.9231,0.8276
2026-04-22 23:06:15,6,Custom CNN (Dual-Pooling UV),165220,0.0005,32,0.3,224,Yes (Dynamic K-Fold),0.6408,0.5372,"[[22, 6, 0, 0], [11, 40, 3, 0], [0, 15, 14, 5], [0, 4, 7, 15]]",0.6667,0.7857,0.7213,0.6154,0.7407,0.6723,0.5833,0.4118,0.4828,0.75,0.5769,0.6522
2026-04-22 23:15:41,7,Custom CNN (Dual-Pooling UV),165220,0.0005,32,0.3,224,Yes (Dynamic K-Fold),0.5845,0.5257,"[[22, 4, 1, 0], [11, 29, 15, 0], [2, 11, 21, 0], [0, 1, 14, 11]]",0.6286,0.8148,0.7097,0.6444,0.5273,0.58,0.4118,0.6176,0.4941,1.0,0.4231,0.5946
2026-04-23 10:05:37,1,Custom CNN (Dual-Pooling UV),165220,0.0005,32,0.3,224,Yes (Dynamic K-Fold),0.7063,0.5922,"[[22, 6, 0, 0], [12, 37, 5, 0], [2, 5, 24, 4], [0, 0, 8, 18]]",0.6111,0.7857,0.6875,0.7708,0.6852,0.7255,0.6486,0.6857,0.6667,0.8182,0.6923,0.75
2026-04-23 10:18:54,2,Custom CNN (Dual-Pooling UV),165220,0.0005,32,0.3,224,Yes (Dynamic K-Fold),0.6479,0.577,"[[19, 7, 2, 0], [14, 30, 8, 2], [0, 7, 22, 5], [0, 0, 5, 21]]",0.5758,0.6786,0.623,0.6818,0.5556,0.6122,0.5946,0.6471,0.6197,0.75,0.8077,0.7778
2026-04-23 10:34:16,3,Custom CNN (Dual-Pooling UV),165220,0.0005,32,0.3,224,Yes (Dynamic K-Fold),0.6479,0.4991,"[[25, 2, 1, 0], [9, 33, 12, 0], [1, 7, 19, 7], [0, 1, 10, 15]]",0.7143,0.8929,0.7937,0.7674,0.6111,0.6804,0.4524,0.5588,0.5,0.6818,0.5769,0.625
2026-04-23 10:50:42,4,Custom CNN (Dual-Pooling UV),165220,0.0005,32,0.3,224,Yes (Dynamic K-Fold),0.6408,0.5686,"[[23, 4, 1, 0], [7, 31, 13, 3], [0, 10, 17, 7], [0, 0, 6, 20]]",0.7667,0.8214,0.7931,0.6889,0.5741,0.6263,0.4595,0.5,0.4789,0.6667,0.7692,0.7143
2026-04-23 11:02:56,5,Custom CNN (Dual-Pooling UV),165220,0.0005,32,0.3,224,Yes (Dynamic K-Fold),0.6761,0.5331,"[[20, 8, 0, 0], [7, 37, 10, 0], [2, 12, 18, 2], [0, 1, 4, 21]]",0.6897,0.7143,0.7018,0.6379,0.6852,0.6607,0.5625,0.5294,0.5455,0.913,0.8077,0.8571
2026-04-23 11:16:14,6,Custom CNN (Dual-Pooling UV),165220,0.0005,32,0.3,224,Yes (Dynamic K-Fold),0.6831,0.5666,"[[22, 6, 0, 0], [7, 40, 7, 0], [0, 12, 19, 3], [0, 0, 10, 16]]",0.7586,0.7857,0.7719,0.6897,0.7407,0.7143,0.5278,0.5588,0.5429,0.8421,0.6154,0.7111
2026-04-23 11:28:35,7,Custom CNN (Dual-Pooling UV),165220,0.0005,32,0.3,224,Yes (Dynamic K-Fold),0.5915,0.5078,"[[21, 4, 2, 0], [13, 31, 10, 1], [0, 15, 17, 2], [0, 2, 9, 15]]",0.6176,0.7778,0.6885,0.5962,0.5636,0.5794,0.4474,0.5,0.4722,0.8333,0.5769,0.6818
2026-04-23 13:43:46,1,Custom CNN (Dual-Pooling UV),143236,0.0005,32,0.3,224,Yes (Dynamic K-Fold),0.6364,0.5208,"[[18, 9, 1, 0], [9, 30, 15, 0], [0, 4, 26, 5], [0, 2, 7, 17]]",0.6667,0.6429,0.6545,0.6667,0.5556,0.6061,0.5306,0.7429,0.619,0.7727,0.6538,0.7083
2026-04-23 14:39:53,2,Custom CNN (Dual-Pooling UV),143236,0.0005,32,0.3,224,Yes (Dynamic K-Fold),0.6408,0.5725,"[[21, 5, 2, 0], [14, 29, 8, 3], [1, 8, 23, 2], [0, 0, 8, 18]]",0.5833,0.75,0.6562,0.6905,0.537,0.6042,0.561,0.6765,0.6133,0.7826,0.6923,0.7347
2026-04-23 15:14:02,3,Custom CNN (Dual-Pooling UV),143236,0.0005,32,0.3,224,Yes (Dynamic K-Fold),0.6338,0.487,"[[21, 7, 0, 0], [8, 30, 14, 2], [0, 7, 24, 3], [0, 1, 10, 15]]",0.7241,0.75,0.7368,0.6667,0.5556,0.6061,0.5,0.7059,0.5854,0.75,0.5769,0.6522
2026-04-23 15:50:21,4,Custom CNN (Dual-Pooling UV),143236,0.0005,32,0.3,224,Yes (Dynamic K-Fold),0.5915,0.5449,"[[22, 6, 0, 0], [13, 36, 5, 0], [2, 16, 10, 6], [0, 0, 10, 16]]",0.5946,0.7857,0.6769,0.6207,0.6667,0.6429,0.4,0.2941,0.339,0.7273,0.6154,0.6667
2026-04-23 16:47:07,5,Custom CNN (Dual-Pooling UV),143236,0.0005,32,0.3,224,Yes (Dynamic K-Fold),0.6268,0.545,"[[22, 5, 1, 0], [11, 29, 6, 8], [3, 11, 17, 3], [0, 0, 5, 21]]",0.6111,0.7857,0.6875,0.6444,0.537,0.5859,0.5862,0.5,0.5397,0.6562,0.8077,0.7241
2026-04-23 17:35:00,6,Custom CNN (Dual-Pooling UV),143236,0.0005,32,0.3,224,Yes (Dynamic K-Fold),0.6549,0.4895,"[[23, 5, 0, 0], [11, 29, 10, 4], [0, 7, 21, 6], [0, 0, 6, 20]]",0.6765,0.8214,0.7419,0.7073,0.537,0.6105,0.5676,0.6176,0.5915,0.6667,0.7692,0.7143
2026-04-23 18:08:28,7,Custom CNN (Dual-Pooling UV),143236,0.0005,32,0.3,224,Yes (Dynamic K-Fold),0.5282,0.5271,"[[22, 4, 1, 0], [23, 24, 5, 3], [5, 10, 18, 1], [0, 2, 13, 11]]",0.44,0.8148,0.5714,0.6,0.4364,0.5053,0.4865,0.5294,0.507,0.7333,0.4231,0.5366
2026-04-24 00:04:56,1,Custom CNN (Dual-Pooling UV),36804,0.0005,32,0.3,224,Yes (Dynamic K-Fold),0.6364,0.5316,"[[19, 8, 1, 0], [9, 32, 8, 5], [0, 3, 20, 12], [0, 1, 5, 20]]",0.6786,0.6786,0.6786,0.7273,0.5926,0.6531,0.5882,0.5714,0.5797,0.5405,0.7692,0.6349
2026-04-24 00:21:20,2,Custom CNN (Dual-Pooling UV),36804,0.0005,32,0.3,224,Yes (Dynamic K-Fold),0.5915,0.5085,"[[18, 8, 1, 1], [8, 28, 11, 7], [1, 9, 14, 10], [0, 0, 2, 24]]",0.6667,0.6429,0.6545,0.6222,0.5185,0.5657,0.5,0.4118,0.4516,0.5714,0.9231,0.7059
2026-04-24 00:27:01,3,Custom CNN (Dual-Pooling UV),36804,0.0005,32,0.3,224,Yes (Dynamic K-Fold),0.3732,0.2676,"[[20, 0, 8, 0], [23, 0, 26, 5], [7, 0, 23, 4], [3, 0, 13, 10]]",0.3774,0.7143,0.4938,0.0,0.0,0.0,0.3286,0.6765,0.4423,0.5263,0.3846,0.4444
2026-04-24 00:49:20,4,Custom CNN (Dual-Pooling UV),36804,0.0005,32,0.3,224,Yes (Dynamic K-Fold),0.6056,0.5609,"[[21, 6, 1, 0], [13, 34, 7, 0], [1, 13, 15, 5], [0, 3, 7, 16]]",0.6,0.75,0.6667,0.6071,0.6296,0.6182,0.5,0.4412,0.4688,0.7619,0.6154,0.6809
2026-04-24 01:15:20,5,Custom CNN (Dual-Pooling UV),36804,0.0005,32,0.3,224,Yes (Dynamic K-Fold),0.6408,0.5502,"[[24, 2, 2, 0], [12, 22, 17, 3], [3, 3, 26, 2], [0, 0, 7, 19]]",0.6154,0.8571,0.7164,0.8148,0.4074,0.5432,0.5,0.7647,0.6047,0.7917,0.7308,0.76
2026-04-24 01:21:01,6,Custom CNN (Dual-Pooling UV),36804,0.0005,32,0.3,224,Yes (Dynamic K-Fold),0.2887,0.2591,"[[12, 0, 16, 0], [7, 0, 46, 1], [7, 0, 27, 0], [3, 0, 21, 2]]",0.4138,0.4286,0.4211,0.0,0.0,0.0,0.2455,0.7941,0.375,0.6667,0.0769,0.1379
2026-04-24 01:47:30,7,Custom CNN (Dual-Pooling UV),36804,0.0005,32,0.3,224,Yes (Dynamic K-Fold),0.5704,0.4847,"[[23, 4, 0, 0], [17, 35, 3, 0], [2, 17, 13, 2], [0, 7, 9, 10]]",0.5476,0.8519,0.6667,0.5556,0.6364,0.5932,0.52,0.3824,0.4407,0.8333,0.3846,0.5263
2026-04-24 06:46:37,1,Custom CNN (Dual-Pooling UV),197604,0.0005,32,0.3,224,Yes (Dynamic K-Fold),0.6713,0.5429,"[[22, 6, 0, 0], [13, 31, 10, 0], [1, 7, 24, 3], [0, 0, 7, 19]]",0.6111,0.7857,0.6875,0.7045,0.5741,0.6327,0.5854,0.6857,0.6316,0.8636,0.7308,0.7917
2026-04-24 07:02:48,2,Custom CNN (Dual-Pooling UV),197604,0.0005,32,0.3,224,Yes (Dynamic K-Fold),0.6549,0.4654,"[[18, 6, 4, 0], [8, 37, 7, 2], [0, 10, 18, 6], [0, 2, 4, 20]]",0.6923,0.6429,0.6667,0.6727,0.6852,0.6789,0.5455,0.5294,0.5373,0.7143,0.7692,0.7407
2026-04-24 07:13:43,3,Custom CNN (Dual-Pooling UV),197604,0.0005,32,0.3,224,Yes (Dynamic K-Fold),0.662,0.555,"[[25, 3, 0, 0], [11, 35, 7, 1], [0, 10, 17, 7], [0, 1, 8, 17]]",0.6944,0.8929,0.7812,0.7143,0.6481,0.6796,0.5312,0.5,0.5152,0.68,0.6538,0.6667
2026-04-24 07:24:53,4,Custom CNN (Dual-Pooling UV),197604,0.0005,32,0.3,224,Yes (Dynamic K-Fold),0.662,0.5478,"[[24, 3, 1, 0], [10, 35, 9, 0], [0, 13, 16, 5], [0, 1, 6, 19]]",0.7059,0.8571,0.7742,0.6731,0.6481,0.6604,0.5,0.4706,0.4848,0.7917,0.7308,0.76
2026-04-24 07:41:16,5,Custom CNN (Dual-Pooling UV),197604,0.0005,32,0.3,224,Yes (Dynamic K-Fold),0.6408,0.5596,"[[23, 5, 0, 0], [13, 28, 12, 1], [2, 10, 19, 3], [0, 0, 5, 21]]",0.6053,0.8214,0.697,0.6512,0.5185,0.5773,0.5278,0.5588,0.5429,0.84,0.8077,0.8235
2026-04-24 07:57:49,6,Custom CNN (Dual-Pooling UV),197604,0.0005,32,0.3,224,Yes (Dynamic K-Fold),0.669,0.366,"[[21, 6, 1, 0], [9, 33, 12, 0], [0, 8, 22, 4], [0, 2, 5, 19]]",0.7,0.75,0.7241,0.6735,0.6111,0.6408,0.55,0.6471,0.5946,0.8261,0.7308,0.7755
2026-04-24 08:13:15,7,Custom CNN (Dual-Pooling UV),197604,0.0005,32,0.3,224,Yes (Dynamic K-Fold),0.6338,0.5588,"[[19, 6, 2, 0], [6, 28, 16, 5], [1, 5, 20, 8], [0, 0, 3, 23]]",0.7308,0.7037,0.717,0.7179,0.5091,0.5957,0.4878,0.5882,0.5333,0.6389,0.8846,0.7419
2026-04-24 08:46:28,1,Custom CNN (Dual-Pooling UV),197604,0.0005,32,0.3,224,Yes (Dynamic K-Fold),0.7133,0.5569,"[[20, 8, 0, 0], [8, 34, 12, 0], [0, 5, 28, 2], [0, 0, 6, 20]]",0.7143,0.7143,0.7143,0.7234,0.6296,0.6733,0.6087,0.8,0.6914,0.9091,0.7692,0.8333
2026-04-24 08:56:36,2,Custom CNN (Dual-Pooling UV),197604,0.0005,32,0.3,224,Yes (Dynamic K-Fold),0.6127,0.4404,"[[17, 9, 2, 0], [6, 35, 12, 1], [0, 11, 12, 11], [0, 1, 2, 23]]",0.7391,0.6071,0.6667,0.625,0.6481,0.6364,0.4286,0.3529,0.3871,0.6571,0.8846,0.7541
2026-04-24 09:12:20,3,Custom CNN (Dual-Pooling UV),197604,0.0005,32,0.3,224,Yes (Dynamic K-Fold),0.6761,0.4662,"[[23, 5, 0, 0], [8, 41, 4, 1], [0, 13, 15, 6], [0, 3, 6, 17]]",0.7419,0.8214,0.7797,0.6613,0.7593,0.7069,0.6,0.4412,0.5085,0.7083,0.6538,0.68
2026-04-24 09:28:03,4,Custom CNN (Dual-Pooling UV),197604,0.0005,32,0.3,224,Yes (Dynamic K-Fold),0.6549,0.4599,"[[22, 5, 1, 0], [9, 37, 7, 1], [0, 14, 12, 8], [0, 0, 4, 22]]",0.7097,0.7857,0.7458,0.6607,0.6852,0.6727,0.5,0.3529,0.4138,0.7097,0.8462,0.7719
2026-04-24 09:42:50,5,Custom CNN (Dual-Pooling UV),197604,0.0005,32,0.3,224,Yes (Dynamic K-Fold),0.6479,0.5444,"[[26, 2, 0, 0], [19, 25, 10, 0], [2, 11, 18, 3], [0, 0, 3, 23]]",0.5532,0.9286,0.6933,0.6579,0.463,0.5435,0.5806,0.5294,0.5538,0.8846,0.8846,0.8846
2026-04-24 09:56:21,6,Custom CNN (Dual-Pooling UV),197604,0.0005,32,0.3,224,Yes (Dynamic K-Fold),0.6479,0.543,"[[23, 5, 0, 0], [9, 37, 7, 1], [0, 12, 15, 7], [0, 1, 8, 17]]",0.7188,0.8214,0.7667,0.6727,0.6852,0.6789,0.5,0.4412,0.4688,0.68,0.6538,0.6667
2026-04-24 10:10:03,7,Custom CNN (Dual-Pooling UV),197604,0.0005,32,0.3,224,Yes (Dynamic K-Fold),0.6408,0.5313,"[[19, 7, 1, 0], [7, 30, 14, 4], [0, 7, 21, 6], [0, 0, 5, 21]]",0.7308,0.7037,0.717,0.6818,0.5455,0.6061,0.5122,0.6176,0.56,0.6774,0.8077,0.7368
2026-04-26 22:18:30,1,Custom CNN (Dual-Pooling UV),197604,0.0005,32,0.2,224,Yes (Dynamic K-Fold),0.6783,0.5705,"[[21, 7, 0, 0], [10, 32, 11, 1], [0, 7, 20, 8], [0, 0, 2, 24]]",0.6774,0.75,0.7119,0.6957,0.5926,0.64,0.6061,0.5714,0.5882,0.7273,0.9231,0.8136
2026-04-26 22:34:53,2,Custom CNN (Dual-Pooling UV),197604,0.0005,32,0.2,224,Yes (Dynamic K-Fold),0.6761,0.6169,"[[22, 4, 2, 0], [16, 29, 7, 2], [0, 8, 24, 2], [0, 1, 4, 21]]",0.5789,0.7857,0.6667,0.6905,0.537,0.6042,0.6486,0.7059,0.6761,0.84,0.8077,0.8235
2026-04-26 22:47:29,3,Custom CNN (Dual-Pooling UV),197604,0.0005,32,0.2,224,Yes (Dynamic K-Fold),0.669,0.5557,"[[22, 6, 0, 0], [7, 34, 11, 2], [0, 6, 22, 6], [0, 0, 9, 17]]",0.7586,0.7857,0.7719,0.7391,0.6296,0.68,0.5238,0.6471,0.5789,0.68,0.6538,0.6667
2026-04-26 22:59:21,4,Custom CNN (Dual-Pooling UV),197604,0.0005,32,0.2,224,Yes (Dynamic K-Fold),0.6549,0.5636,"[[23, 4, 1, 0], [8, 33, 13, 0], [0, 11, 18, 5], [0, 0, 7, 19]]",0.7419,0.8214,0.7797,0.6875,0.6111,0.6471,0.4615,0.5294,0.4932,0.7917,0.7308,0.76
2026-04-26 23:10:26,5,Custom CNN (Dual-Pooling UV),197604,0.0005,32,0.2,224,Yes (Dynamic K-Fold),0.6549,0.5455,"[[22, 6, 0, 0], [10, 35, 9, 0], [1, 14, 17, 2], [0, 0, 7, 19]]",0.6667,0.7857,0.7213,0.6364,0.6481,0.6422,0.5152,0.5,0.5075,0.9048,0.7308,0.8085
2026-04-26 23:23:59,6,Custom CNN (Dual-Pooling UV),197604,0.0005,32,0.2,224,Yes (Dynamic K-Fold),0.6479,0.536,"[[22, 5, 1, 0], [7, 38, 9, 0], [0, 10, 14, 10], [0, 0, 8, 18]]",0.7586,0.7857,0.7719,0.717,0.7037,0.7103,0.4375,0.4118,0.4242,0.6429,0.6923,0.6667
2026-04-26 23:33:34,7,Custom CNN (Dual-Pooling UV),197604,0.0005,32,0.2,224,Yes (Dynamic K-Fold),0.5845,0.5078,"[[18, 9, 0, 0], [9, 43, 3, 0], [0, 22, 6, 6], [0, 4, 6, 16]]",0.6667,0.6667,0.6667,0.5513,0.7818,0.6466,0.4,0.1765,0.2449,0.7273,0.6154,0.6667
2026-04-26 23:50:18,1,Custom CNN (Dual-Pooling UV),197604,0.0005,32,0.3,224,Yes (Dynamic K-Fold),0.6643,0.5438,"[[18, 10, 0, 0], [8, 33, 13, 0], [0, 8, 23, 4], [0, 1, 4, 21]]",0.6923,0.6429,0.6667,0.6346,0.6111,0.6226,0.575,0.6571,0.6133,0.84,0.8077,0.8235
2026-04-27 00:05:52,2,Custom CNN (Dual-Pooling UV),197604,0.0005,32,0.3,224,Yes (Dynamic K-Fold),0.6197,0.473,"[[19, 5, 4, 0], [14, 26, 10, 4], [0, 5, 19, 10], [0, 0, 2, 24]]",0.5758,0.6786,0.623,0.7222,0.4815,0.5778,0.5429,0.5588,0.5507,0.6316,0.9231,0.75
2026-04-27 00:18:15,3,Custom CNN (Dual-Pooling UV),197604,0.0005,32,0.3,224,Yes (Dynamic K-Fold),0.7113,0.5637,"[[24, 4, 0, 0], [5, 43, 5, 1], [0, 10, 18, 6], [0, 3, 7, 16]]",0.8276,0.8571,0.8421,0.7167,0.7963,0.7544,0.6,0.5294,0.5625,0.6957,0.6154,0.6531
2026-04-27 00:33:50,4,Custom CNN (Dual-Pooling UV),197604,0.0005,32,0.3,224,Yes (Dynamic K-Fold),0.6338,0.5501,"[[24, 3, 1, 0], [9, 28, 17, 0], [0, 11, 17, 6], [0, 0, 5, 21]]",0.7273,0.8571,0.7869,0.6667,0.5185,0.5833,0.425,0.5,0.4595,0.7778,0.8077,0.7925
2026-04-27 00:47:33,5,Custom CNN (Dual-Pooling UV),197604,0.0005,32,0.3,224,Yes (Dynamic K-Fold),0.6479,0.5427,"[[17, 10, 1, 0], [7, 29, 18, 0], [1, 5, 24, 4], [0, 0, 4, 22]]",0.68,0.6071,0.6415,0.6591,0.537,0.5918,0.5106,0.7059,0.5926,0.8462,0.8462,0.8462
2026-04-27 01:03:04,6,Custom CNN (Dual-Pooling UV),197604,0.0005,32,0.3,224,Yes (Dynamic K-Fold),0.662,0.5558,"[[24, 3, 1, 0], [12, 29, 13, 0], [1, 5, 21, 7], [0, 1, 5, 20]]",0.6486,0.8571,0.7385,0.7632,0.537,0.6304,0.525,0.6176,0.5676,0.7407,0.7692,0.7547
2026-04-27 01:18:40,7,Custom CNN (Dual-Pooling UV),197604,0.0005,32,0.3,224,Yes (Dynamic K-Fold),0.5845,0.5107,"[[19, 8, 0, 0], [6, 34, 15, 0], [0, 13, 19, 2], [0, 2, 13, 11]]",0.76,0.7037,0.7308,0.5965,0.6182,0.6071,0.4043,0.5588,0.4691,0.8462,0.4231,0.5641
2026-04-28 16:42:36,1,Custom CNN (Dual-Pooling UV),197604,0.0005,32,0.3,224,Yes (Dynamic K-Fold),0.6077,0.4805,"[[19, 9, 0, 0], [9, 33, 11, 1], [2, 7, 19, 7], [0, 1, 4, 8]]",0.6333,0.6786,0.6552,0.66,0.6111,0.6346,0.5588,0.5429,0.5507,0.5,0.6154,0.5517
2026-04-28 16:56:10,2,Custom CNN (Dual-Pooling UV),197604,0.0005,32,0.3,224,Yes (Dynamic K-Fold),0.5349,0.533,"[[19, 6, 3, 0], [14, 26, 12, 2], [0, 9, 13, 12], [0, 0, 2, 11]]",0.5758,0.6786,0.623,0.6341,0.4815,0.5474,0.4333,0.3824,0.4062,0.44,0.8462,0.5789
2026-04-28 17:06:22,3,Custom CNN (Dual-Pooling UV),197604,0.0005,32,0.3,224,Yes (Dynamic K-Fold),0.6047,0.5094,"[[24, 4, 0, 0], [15, 32, 5, 2], [0, 15, 12, 7], [0, 0, 3, 10]]",0.6154,0.8571,0.7164,0.6275,0.5926,0.6095,0.6,0.3529,0.4444,0.5263,0.7692,0.625
2026-04-28 17:16:21,4,Custom CNN (Dual-Pooling UV),197604,0.0005,32,0.3,224,Yes (Dynamic K-Fold),0.6124,0.4629,"[[25, 2, 1, 0], [14, 35, 5, 0], [2, 18, 12, 2], [0, 1, 5, 7]]",0.6098,0.8929,0.7246,0.625,0.6481,0.6364,0.5217,0.3529,0.4211,0.7778,0.5385,0.6364
2026-04-28 17:26:24,5,Custom CNN (Dual-Pooling UV),197604,0.0005,32,0.3,224,Yes (Dynamic K-Fold),0.5891,0.4999,"[[17, 11, 0, 0], [4, 34, 13, 3], [0, 12, 15, 7], [0, 0, 3, 10]]",0.8095,0.6071,0.6939,0.5965,0.6296,0.6126,0.4839,0.4412,0.4615,0.5,0.7692,0.6061
2026-04-28 17:43:12,6,Custom CNN (Dual-Pooling UV),197604,0.0005,32,0.3,224,Yes (Dynamic K-Fold),0.6279,0.5256,"[[23, 5, 0, 0], [16, 35, 3, 0], [0, 11, 19, 4], [0, 1, 8, 4]]",0.5897,0.8214,0.6866,0.6731,0.6481,0.6604,0.6333,0.5588,0.5938,0.5,0.3077,0.381
2026-04-28 17:54:50,7,Custom CNN (Dual-Pooling UV),197604,0.0005,32,0.3,224,Yes (Dynamic K-Fold),0.5891,0.4969,"[[14, 13, 0, 0], [2, 35, 17, 1], [0, 11, 17, 6], [0, 2, 1, 10]]",0.875,0.5185,0.6512,0.5738,0.6364,0.6034,0.4857,0.5,0.4928,0.5882,0.7692,0.6667
2026-04-29 16:15:17,1,Custom CNN (Dual-Pooling UV),197604,0.0005,32,0.3,224,Yes (Dynamic K-Fold),0.5923,0.4588,"[[20, 8, 0, 0], [11, 34, 9, 0], [0, 13, 15, 7], [0, 2, 3, 8]]",0.6452,0.7143,0.678,0.5965,0.6296,0.6126,0.5556,0.4286,0.4839,0.5333,0.6154,0.5714
2026-04-29 16:24:08,2,Custom CNN (Dual-Pooling UV),197604,0.0005,32,0.3,224,Yes (Dynamic K-Fold),0.6047,0.4898,"[[20, 6, 2, 0], [13, 31, 9, 1], [0, 11, 21, 2], [0, 1, 6, 6]]",0.6061,0.7143,0.6557,0.6327,0.5741,0.6019,0.5526,0.6176,0.5833,0.6667,0.4615,0.5455
2026-04-29 16:33:39,3,Custom CNN (Dual-Pooling UV),197604,0.0005,32,0.3,224,Yes (Dynamic K-Fold),0.6744,0.5184,"[[24, 3, 1, 0], [8, 36, 9, 1], [1, 10, 15, 8], [0, 0, 1, 12]]",0.7273,0.8571,0.7869,0.7347,0.6667,0.699,0.5769,0.4412,0.5,0.5714,0.9231,0.7059
2026-04-29 16:43:51,4,Custom CNN (Dual-Pooling UV),197604,0.0005,32,0.3,224,Yes (Dynamic K-Fold),0.6124,0.416,"[[24, 3, 1, 0], [10, 37, 7, 0], [1, 17, 13, 3], [0, 0, 8, 5]]",0.6857,0.8571,0.7619,0.6491,0.6852,0.6667,0.4483,0.3824,0.4127,0.625,0.3846,0.4762
2026-04-29 16:57:01,5,Custom CNN (Dual-Pooling UV),197604,0.0005,32,0.3,224,Yes (Dynamic K-Fold),0.6202,0.5401,"[[19, 9, 0, 0], [12, 35, 6, 1], [1, 11, 19, 3], [0, 1, 5, 7]]",0.5938,0.6786,0.6333,0.625,0.6481,0.6364,0.6333,0.5588,0.5938,0.6364,0.5385,0.5833
2026-04-29 17:08:51,6,Custom CNN (Dual-Pooling UV),197604,0.0005,32,0.3,224,Yes (Dynamic K-Fold),0.6667,0.5414,"[[17, 10, 1, 0], [4, 41, 9, 0], [0, 11, 20, 3], [0, 0, 5, 8]]",0.8095,0.6071,0.6939,0.6613,0.7593,0.7069,0.5714,0.5882,0.5797,0.7273,0.6154,0.6667
2026-04-29 17:23:38,7,Custom CNN (Dual-Pooling UV),197604,0.0005,32,0.3,224,Yes (Dynamic K-Fold),0.6124,0.5012,"[[19, 8, 0, 0], [8, 33, 12, 2], [0, 10, 18, 6], [0, 1, 3, 9]]",0.7037,0.7037,0.7037,0.6346,0.6,0.6168,0.5455,0.5294,0.5373,0.5294,0.6923,0.6
2026-04-29 23:06:42,1,Custom CNN (Dual-Pooling UV),197604,0.0005,32,0.3,224,Yes (Dynamic K-Fold),0.6308,0.3987,"[[21, 7, 0, 0], [10, 34, 10, 0], [1, 7, 19, 8], [0, 1, 4, 8]]",0.6562,0.75,0.7,0.6939,0.6296,0.6602,0.5758,0.5429,0.5588,0.5,0.6154,0.5517
2026-04-29 23:20:34,2,Custom CNN (Dual-Pooling UV),197604,0.0005,32,0.3,224,Yes (Dynamic K-Fold),0.6357,0.5104,"[[16, 9, 3, 0], [4, 37, 12, 1], [0, 10, 23, 1], [0, 1, 6, 6]]",0.8,0.5714,0.6667,0.6491,0.6852,0.6667,0.5227,0.6765,0.5897,0.75,0.4615,0.5714
2026-04-29 23:33:26,3,Custom CNN (Dual-Pooling UV),197604,0.0005,32,0.3,224,Yes (Dynamic K-Fold),0.6977,0.4471,"[[24, 4, 0, 0], [6, 39, 9, 0], [0, 13, 15, 6], [0, 0, 1, 12]]",0.8,0.8571,0.8276,0.6964,0.7222,0.7091,0.6,0.4412,0.5085,0.6667,0.9231,0.7742
2026-04-29 23:48:30,4,Custom CNN (Dual-Pooling UV),197604,0.0005,32,0.3,224,Yes (Dynamic K-Fold),0.6279,0.5089,"[[23, 4, 0, 1], [7, 35, 10, 2], [0, 13, 14, 7], [0, 0, 4, 9]]",0.7667,0.8214,0.7931,0.6731,0.6481,0.6604,0.5,0.4118,0.4516,0.4737,0.6923,0.5625
2026-04-30 00:01:57,5,Custom CNN (Dual-Pooling UV),197604,0.0005,32,0.3,224,Yes (Dynamic K-Fold),0.6279,0.5212,"[[22, 6, 0, 0], [8, 37, 8, 1], [2, 12, 15, 5], [0, 0, 6, 7]]",0.6875,0.7857,0.7333,0.6727,0.6852,0.6789,0.5172,0.4412,0.4762,0.5385,0.5385,0.5385
2026-04-30 00:11:51,6,Custom CNN (Dual-Pooling UV),197604,0.0005,32,0.3,224,Yes (Dynamic K-Fold),0.5891,0.5271,"[[24, 3, 1, 0], [16, 29, 9, 0], [2, 7, 14, 11], [0, 1, 3, 9]]",0.5714,0.8571,0.6857,0.725,0.537,0.617,0.5185,0.4118,0.459,0.45,0.6923,0.5455
2026-04-30 00:20:54,7,Custom CNN (Dual-Pooling UV),197604,0.0005,32,0.3,224,Yes (Dynamic K-Fold),0.5969,0.4588,"[[20, 6, 1, 0], [10, 30, 14, 1], [0, 12, 19, 3], [0, 1, 4, 8]]",0.6667,0.7407,0.7018,0.6122,0.5455,0.5769,0.5,0.5588,0.5278,0.6667,0.6154,0.64
2026-04-30 10:43:51,1,Custom CNN (Dual-Pooling UV),197604,0.0005,32,0.3,224,Yes (Dynamic K-Fold),0.6538,0.4873,"[[23, 5, 0, 0], [11, 29, 14, 0], [2, 3, 25, 5], [0, 0, 5, 8]]",0.6389,0.8214,0.7188,0.7838,0.537,0.6374,0.5682,0.7143,0.6329,0.6154,0.6154,0.6154
2026-04-30 10:58:32,2,Custom CNN (Dual-Pooling UV),197604,0.0005,32,0.3,224,Yes (Dynamic K-Fold),0.6667,0.5263,"[[22, 5, 1, 0], [15, 33, 6, 0], [0, 9, 25, 0], [0, 1, 6, 6]]",0.5946,0.7857,0.6769,0.6875,0.6111,0.6471,0.6579,0.7353,0.6944,1.0,0.4615,0.6316
2026-04-30 11:09:35,3,Custom CNN (Dual-Pooling UV),197604,0.0005,32,0.3,224,Yes (Dynamic K-Fold),0.6589,0.5182,"[[24, 4, 0, 0], [10, 32, 9, 3], [0, 5, 17, 12], [0, 0, 1, 12]]",0.7059,0.8571,0.7742,0.7805,0.5926,0.6737,0.6296,0.5,0.5574,0.4444,0.9231,0.6
2026-04-30 11:25:34,4,Custom CNN (Dual-Pooling UV),197604,0.0005,32,0.3,224,Yes (Dynamic K-Fold),0.6279,0.5153,"[[25, 2, 1, 0], [10, 33, 11, 0], [0, 14, 17, 3], [0, 0, 7, 6]]",0.7143,0.8929,0.7937,0.6735,0.6111,0.6408,0.4722,0.5,0.4857,0.6667,0.4615,0.5455
2026-04-30 11:41:05,5,Custom CNN (Dual-Pooling UV),197604,0.0005,32,0.3,224,Yes (Dynamic K-Fold),0.6124,0.5258,"[[23, 5, 0, 0], [12, 36, 6, 0], [2, 14, 14, 4], [0, 2, 5, 6]]",0.6216,0.8214,0.7077,0.6316,0.6667,0.6486,0.56,0.4118,0.4746,0.6,0.4615,0.5217
2026-04-30 11:53:56,6,Custom CNN (Dual-Pooling UV),197604,0.0005,32,0.3,224,Yes (Dynamic K-Fold),0.6512,0.5064,"[[19, 9, 0, 0], [7, 41, 6, 0], [0, 12, 16, 6], [0, 1, 4, 8]]",0.7308,0.6786,0.7037,0.6508,0.7593,0.7009,0.6154,0.4706,0.5333,0.5714,0.6154,0.5926
2026-04-30 12:03:51,7,Custom CNN (Dual-Pooling UV),197604,0.0005,32,0.3,224,Yes (Dynamic K-Fold),0.5736,0.5071,"[[22, 4, 1, 0], [12, 27, 16, 0], [1, 13, 17, 3], [0, 1, 4, 8]]",0.6286,0.8148,0.7097,0.6,0.4909,0.54,0.4474,0.5,0.4722,0.7273,0.6154,0.6667
2026-04-30 12:22:48,1,Custom CNN (Dual-Pooling UV),197604,0.0005,32,0.3,224,Yes (Dynamic K-Fold),0.6385,0.4918,"[[24, 4, 0, 0], [16, 29, 8, 1], [1, 8, 22, 4], [0, 2, 3, 8]]",0.5854,0.8571,0.6957,0.6744,0.537,0.5979,0.6667,0.6286,0.6471,0.6154,0.6154,0.6154
2026-04-30 12:35:05,2,Custom CNN (Dual-Pooling UV),197604,0.0005,32,0.3,224,Yes (Dynamic K-Fold),0.6202,0.4896,"[[20, 5, 3, 0], [13, 31, 8, 2], [0, 9, 22, 3], [0, 1, 5, 7]]",0.6061,0.7143,0.6557,0.6739,0.5741,0.62,0.5789,0.6471,0.6111,0.5833,0.5385,0.56
2026-04-30 12:44:23,3,Custom CNN (Dual-Pooling UV),197604,0.0005,32,0.3,224,Yes (Dynamic K-Fold),0.6667,0.4186,"[[21, 7, 0, 0], [7, 35, 11, 1], [0, 9, 18, 7], [0, 0, 1, 12]]",0.75,0.75,0.75,0.6863,0.6481,0.6667,0.6,0.5294,0.5625,0.6,0.9231,0.7273
2026-04-30 12:56:58,4,Custom CNN (Dual-Pooling UV),197604,0.0005,32,0.3,224,Yes (Dynamic K-Fold),0.6434,0.4329,"[[25, 2, 1, 0], [6, 40, 8, 0], [0, 17, 13, 4], [0, 2, 6, 5]]",0.8065,0.8929,0.8475,0.6557,0.7407,0.6957,0.4643,0.3824,0.4194,0.5556,0.3846,0.4545
2026-04-30 13:07:28,5,Custom CNN (Dual-Pooling UV),197604,0.0005,32,0.3,224,Yes (Dynamic K-Fold),0.6357,0.5117,"[[18, 9, 1, 0], [6, 39, 8, 1], [1, 10, 18, 5], [0, 0, 6, 7]]",0.72,0.6429,0.6792,0.6724,0.7222,0.6964,0.5455,0.5294,0.5373,0.5385,0.5385,0.5385
2026-04-30 13:22:37,6,Custom CNN (Dual-Pooling UV),197604,0.0005,32,0.3,224,Yes (Dynamic K-Fold),0.6434,0.5069,"[[25, 3, 0, 0], [17, 34, 3, 0], [2, 11, 19, 2], [0, 1, 7, 5]]",0.5682,0.8929,0.6944,0.6939,0.6296,0.6602,0.6552,0.5588,0.6032,0.7143,0.3846,0.5
2026-04-30 13:32:22,7,Custom CNN (Dual-Pooling UV),197604,0.0005,32,0.3,224,Yes (Dynamic K-Fold),0.5891,0.4946,"[[20, 7, 0, 0], [11, 29, 14, 1], [1, 10, 19, 4], [0, 0, 5, 8]]",0.625,0.7407,0.678,0.6304,0.5273,0.5743,0.5,0.5588,0.5278,0.6154,0.6154,0.6154
